timestamp_s,fps,latency_ms,cpu_pct,gpu_util_pct,gpu_mem_mb,infer_ms,drop_rate_pct
1.0,9.78,13.80,12.1,0.0,1188.9,12.15,0.00
2.1,10.39,13.42,12.4,0.0,1188.9,11.92,0.00
3.1,9.98,13.38,12.8,0.0,1188.9,11.83,0.00
4.2,9.83,12.98,11.2,3.0,1188.9,11.42,0.00
5.2,9.87,13.89,13.6,3.0,1188.9,12.35,0.00
6.3,10.29,14.21,13.9,3.0,1188.9,12.68,0.00
7.4,9.67,14.67,11.0,3.0,1188.9,13.13,0.00
8.5,10.40,14.66,13.1,3.0,1188.9,13.14,0.00
9.5,9.93,15.06,12.6,3.0,1188.9,13.52,0.00
10.6,9.84,14.77,11.9,3.0,1188.9,13.22,0.00
11.6,9.92,13.85,12.6,0.0,1188.9,12.36,0.00
12.7,10.29,13.17,12.9,0.0,1188.9,11.68,0.00
13.8,9.83,13.88,12.7,0.0,1188.9,12.31,0.00
14.8,9.95,14.00,11.4,0.0,1188.9,12.40,0.00
15.8,9.80,14.99,13.2,0.0,1188.9,13.30,0.00
16.9,10.32,15.81,15.7,1.0,1188.9,14.11,0.00
18.0,9.88,16.30,13.5,0.0,1188.9,14.64,0.00
19.0,9.86,16.84,12.7,0.0,1188.9,15.20,0.00
20.1,10.29,16.97,12.9,0.0,1188.9,15.38,0.00
21.3,9.34,16.75,12.0,3.0,1188.9,15.17,0.00
22.3,10.57,16.89,14.3,3.0,1188.9,15.39,0.00
23.4,10.01,17.91,12.1,2.0,1188.9,16.24,0.00
24.4,9.95,18.08,12.1,3.0,1188.9,16.35,0.00
25.4,9.90,17.93,14.0,3.0,1188.9,16.16,0.00
26.5,10.28,18.05,13.0,3.0,1188.9,16.26,0.00
27.6,9.85,17.17,11.5,3.0,1188.9,15.46,0.00
28.6,9.94,16.26,13.5,0.0,1188.9,14.59,0.00
29.6,9.95,15.05,12.1,0.0,1188.9,13.50,0.00
30.7,10.43,14.47,14.3,0.0,1188.9,12.99,0.00
31.8,9.76,14.28,13.5,0.0,1188.9,12.88,0.00
32.9,10.33,13.88,13.2,0.0,1188.8,12.59,0.00
33.9,9.86,13.75,12.1,0.0,1188.9,12.48,0.00
35.0,9.61,13.34,11.9,0.0,1188.9,12.03,0.00
36.1,10.24,13.71,14.2,2.0,1188.9,12.37,0.00
37.2,9.88,13.29,12.3,3.0,1188.9,11.97,0.00
38.2,9.92,13.37,13.5,4.0,1188.9,12.02,0.00
39.3,10.32,14.26,13.6,2.0,1188.9,12.81,0.00
40.4,9.80,14.11,13.3,3.0,1188.9,12.63,0.00
41.5,10.35,14.22,11.8,3.0,1188.9,12.67,0.00
42.6,9.68,13.94,12.5,3.0,1188.9,12.42,0.00
43.6,9.97,13.61,12.4,3.0,1188.9,12.04,0.00
44.7,10.31,13.45,12.8,0.0,1188.9,11.87,0.00
45.7,9.62,13.92,14.5,0.0,1188.9,12.33,0.00
46.8,10.11,14.00,12.6,0.0,1188.9,12.38,0.00
47.8,9.96,15.24,14.4,1.0,1188.9,13.64,0.00
48.8,9.92,15.27,11.7,1.0,1188.9,13.64,0.00
49.9,9.92,15.96,12.8,1.0,1188.9,14.30,0.00
51.0,10.12,16.45,12.6,1.0,1188.9,14.80,0.00
52.1,10.37,15.83,15.0,0.0,1188.9,14.20,0.00
53.1,9.95,16.18,16.0,2.0,1188.9,14.59,0.00
54.2,9.77,15.36,11.6,3.0,1188.9,13.80,0.00
55.3,10.16,15.12,14.1,3.0,1188.9,13.61,0.00
56.4,9.79,14.38,13.8,3.0,1188.9,12.86,0.00
57.4,9.94,14.61,13.1,3.0,1188.9,13.08,0.00
58.5,10.22,15.89,13.8,2.0,1188.9,14.25,0.00
59.6,9.88,16.76,14.2,2.0,1188.9,15.12,0.00
60.6,9.98,17.37,13.4,2.0,1188.9,15.67,0.00
61.6,9.88,17.79,13.6,1.0,1188.9,16.04,0.00
62.7,10.47,18.04,14.3,1.0,1188.9,16.24,0.00
63.7,9.92,17.16,12.8,0.0,1188.9,15.40,0.00
64.7,9.97,16.01,13.9,1.0,1188.9,14.35,0.00
65.7,9.97,15.11,12.8,2.0,1188.9,13.45,0.00
66.8,9.73,14.27,12.3,2.0,1188.9,12.66,0.00
67.9,10.26,14.69,14.8,1.0,1188.9,13.12,0.00
69.0,9.98,14.11,12.6,0.0,1188.9,12.65,0.00
70.0,9.79,13.06,12.3,0.0,1188.9,11.79,0.00
71.1,10.33,12.19,10.7,2.0,1188.9,10.92,0.00
72.1,9.83,12.24,11.7,1.0,1188.9,11.00,0.00
73.2,9.70,11.59,9.6,3.0,1188.9,10.34,0.00
74.3,10.46,11.72,12.8,2.0,1188.9,10.42,0.00
75.3,9.99,13.17,12.5,2.0,1188.9,11.69,0.00
76.4,9.69,15.17,13.1,3.0,1188.9,13.53,0.00
77.5,10.25,16.13,13.7,2.0,1188.9,14.42,0.00
78.6,9.53,15.54,10.4,0.0,1188.9,13.85,0.00
79.7,10.56,15.90,12.8,0.0,1188.9,14.22,0.00
80.8,9.78,14.54,12.5,1.0,1188.9,12.92,0.00
81.8,9.99,13.47,11.5,2.0,1188.9,11.89,0.00
82.8,9.92,13.11,13.6,1.0,1188.9,11.61,0.00
83.9,10.33,14.02,13.7,2.0,1188.9,12.54,0.00
85.0,9.70,15.09,12.7,0.0,1188.9,13.54,0.00
86.1,10.37,15.23,13.0,1.0,1188.9,13.69,0.00
87.1,9.89,15.74,12.6,2.0,1188.9,14.17,0.00
88.2,9.91,15.54,11.8,2.0,1188.9,13.97,0.00
89.2,9.89,15.76,14.5,2.0,1188.9,14.10,0.00
90.2,9.98,16.91,15.6,2.0,1188.9,15.20,0.00
91.2,9.83,16.37,12.0,2.0,1188.9,14.66,0.00
92.3,10.71,15.71,12.1,3.0,1188.9,14.12,0.00
93.3,9.93,14.34,9.4,3.0,1188.9,12.93,0.00
94.3,9.99,13.17,11.4,2.0,1188.9,11.90,0.00
95.3,9.92,11.04,17.3,2.0,1196.9,9.93,0.00
96.4,9.75,9.62,12.5,3.0,1196.3,8.62,0.00
97.4,9.97,9.73,13.3,2.0,1195.8,8.73,0.00
98.4,9.94,10.64,12.7,2.0,1195.8,9.49,0.00
99.4,9.90,12.39,11.0,2.0,1195.8,11.04,0.00
100.5,10.30,14.96,14.5,2.0,1195.8,13.37,0.00
101.5,9.96,16.09,11.9,2.0,1194.9,14.34,0.00
102.5,10.00,16.63,14.2,2.0,1194.9,14.89,0.00
103.6,9.73,17.28,13.7,2.0,1194.9,15.52,0.00
104.7,10.31,17.58,13.8,2.0,1194.9,15.82,0.00
105.8,9.84,16.84,11.9,1.0,1194.9,15.10,0.00
106.9,10.11,16.89,15.2,2.0,1194.9,15.17,0.00
107.9,9.53,16.68,12.1,1.0,1194.9,15.01,0.00
109.0,10.34,16.88,13.0,2.0,1194.9,15.14,0.00
110.0,9.98,17.31,13.8,2.0,1194.9,15.53,0.00
111.0,9.85,18.02,14.4,2.0,1194.9,16.26,0.00
112.1,10.42,18.61,13.7,2.0,1194.9,16.85,0.00
113.1,9.69,17.53,10.8,2.0,1194.9,15.80,0.00
114.1,9.98,17.97,13.5,2.0,1194.9,16.20,0.00
115.2,10.03,17.87,14.6,2.0,1194.9,16.14,0.00
116.2,9.85,17.41,12.7,2.0,1194.9,15.74,0.00
117.3,10.41,17.24,14.5,2.0,1194.9,15.57,0.00
118.3,9.86,17.89,15.6,2.0,1194.9,16.23,0.00
119.4,9.96,18.06,11.9,2.0,1194.9,16.35,0.00
